Image_ID,Class,초,프레임,최종,구간,구간
20201031_DWG_SN_4_test_image0.jpg,0,0,29.97,0,,
20201031_DWG_SN_4_test_image1.jpg,0,0.5,29.97,14.985,,
20201031_DWG_SN_4_test_image2.jpg,0,1,29.97,29.97,,
20201031_DWG_SN_4_test_image3.jpg,0,1.5,29.97,44.955,,
20201031_DWG_SN_4_test_image4.jpg,0,2,29.97,59.94,,
20201031_DWG_SN_4_test_image5.jpg,0,2.5,29.97,74.925,,
20201031_DWG_SN_4_test_image6.jpg,0,3,29.97,89.91,,
20201031_DWG_SN_4_test_image7.jpg,0,3.5,29.97,104.895,,
20201031_DWG_SN_4_test_image8.jpg,0,4,29.97,119.88,,
20201031_DWG_SN_4_test_image9.jpg,0,4.5,29.97,134.865,,
20201031_DWG_SN_4_test_image10.jpg,0,5,29.97,149.85,,
20201031_DWG_SN_4_test_image11.jpg,0,5.5,29.97,164.835,,
20201031_DWG_SN_4_test_image12.jpg,0,6,29.97,179.82,,
20201031_DWG_SN_4_test_image13.jpg,0,6.5,29.97,194.805,,
20201031_DWG_SN_4_test_image14.jpg,0,7,29.97,209.79,,
20201031_DWG_SN_4_test_image15.jpg,0,7.5,29.97,224.775,,
20201031_DWG_SN_4_test_image16.jpg,0,8,29.97,239.76,,
20201031_DWG_SN_4_test_image17.jpg,0,8.5,29.97,254.745,,
20201031_DWG_SN_4_test_image18.jpg,0,9,29.97,269.73,,
20201031_DWG_SN_4_test_image19.jpg,0,9.5,29.97,284.715,,
20201031_DWG_SN_4_test_image20.jpg,0,10,29.97,299.7,,
20201031_DWG_SN_4_test_image21.jpg,0,10.5,29.97,314.685,,
20201031_DWG_SN_4_test_image22.jpg,0,11,29.97,329.67,,
20201031_DWG_SN_4_test_image23.jpg,0,11.5,29.97,344.655,,
20201031_DWG_SN_4_test_image24.jpg,0,12,29.97,359.64,,
20201031_DWG_SN_4_test_image25.jpg,0,12.5,29.97,374.625,,
20201031_DWG_SN_4_test_image26.jpg,0,13,29.97,389.61,,
20201031_DWG_SN_4_test_image27.jpg,0,13.5,29.97,404.595,,
20201031_DWG_SN_4_test_image28.jpg,0,14,29.97,419.58,,
20201031_DWG_SN_4_test_image29.jpg,0,14.5,29.97,434.565,,
20201031_DWG_SN_4_test_image30.jpg,0,15,29.97,449.55,,
20201031_DWG_SN_4_test_image31.jpg,0,15.5,29.97,464.535,,
20201031_DWG_SN_4_test_image32.jpg,0,16,29.97,479.52,,
20201031_DWG_SN_4_test_image33.jpg,0,16.5,29.97,494.505,,
20201031_DWG_SN_4_test_image34.jpg,0,17,29.97,509.49,,
20201031_DWG_SN_4_test_image35.jpg,0,17.5,29.97,524.475,,
20201031_DWG_SN_4_test_image36.jpg,0,18,29.97,539.46,,
20201031_DWG_SN_4_test_image37.jpg,0,18.5,29.97,554.445,,
20201031_DWG_SN_4_test_image38.jpg,0,19,29.97,569.43,,
20201031_DWG_SN_4_test_image39.jpg,0,19.5,29.97,584.415,,
20201031_DWG_SN_4_test_image40.jpg,0,20,29.97,599.4,,
20201031_DWG_SN_4_test_image41.jpg,0,20.5,29.97,614.385,,
20201031_DWG_SN_4_test_image42.jpg,0,21,29.97,629.37,,
20201031_DWG_SN_4_test_image43.jpg,0,21.5,29.97,644.355,,
20201031_DWG_SN_4_test_image44.jpg,0,22,29.97,659.34,,
20201031_DWG_SN_4_test_image45.jpg,0,22.5,29.97,674.325,,
20201031_DWG_SN_4_test_image46.jpg,0,23,29.97,689.31,,
20201031_DWG_SN_4_test_image47.jpg,0,23.5,29.97,704.295,,
20201031_DWG_SN_4_test_image48.jpg,0,24,29.97,719.28,,
20201031_DWG_SN_4_test_image49.jpg,0,24.5,29.97,734.265,,
20201031_DWG_SN_4_test_image50.jpg,0,25,29.97,749.25,,
20201031_DWG_SN_4_test_image51.jpg,0,25.5,29.97,764.235,,
20201031_DWG_SN_4_test_image52.jpg,0,26,29.97,779.22,,
20201031_DWG_SN_4_test_image53.jpg,0,26.5,29.97,794.205,,
20201031_DWG_SN_4_test_image54.jpg,0,27,29.97,809.19,,
20201031_DWG_SN_4_test_image55.jpg,0,27.5,29.97,824.175,,
20201031_DWG_SN_4_test_image56.jpg,0,28,29.97,839.16,,
20201031_DWG_SN_4_test_image57.jpg,0,28.5,29.97,854.145,,
20201031_DWG_SN_4_test_image58.jpg,0,29,29.97,869.13,,
20201031_DWG_SN_4_test_image59.jpg,0,29.5,29.97,884.115,,
20201031_DWG_SN_4_test_image60.jpg,0,30,29.97,899.1,,
20201031_DWG_SN_4_test_image61.jpg,0,30.5,29.97,914.085,,
20201031_DWG_SN_4_test_image62.jpg,0,31,29.97,929.07,,
20201031_DWG_SN_4_test_image63.jpg,0,31.5,29.97,944.055,,
20201031_DWG_SN_4_test_image64.jpg,0,32,29.97,959.04,,
20201031_DWG_SN_4_test_image65.jpg,0,32.5,29.97,974.025,,
20201031_DWG_SN_4_test_image66.jpg,0,33,29.97,989.01,,
20201031_DWG_SN_4_test_image67.jpg,0,33.5,29.97,1003.995,,
20201031_DWG_SN_4_test_image68.jpg,0,34,29.97,1018.98,,
20201031_DWG_SN_4_test_image69.jpg,0,34.5,29.97,1033.965,,
20201031_DWG_SN_4_test_image70.jpg,0,35,29.97,1048.95,,
20201031_DWG_SN_4_test_image71.jpg,0,35.5,29.97,1063.935,,
20201031_DWG_SN_4_test_image72.jpg,0,36,29.97,1078.92,,
20201031_DWG_SN_4_test_image73.jpg,0,36.5,29.97,1093.905,,
20201031_DWG_SN_4_test_image74.jpg,0,37,29.97,1108.89,,
20201031_DWG_SN_4_test_image75.jpg,0,37.5,29.97,1123.875,,
20201031_DWG_SN_4_test_image76.jpg,0,38,29.97,1138.86,,
20201031_DWG_SN_4_test_image77.jpg,0,38.5,29.97,1153.845,,
20201031_DWG_SN_4_test_image78.jpg,0,39,29.97,1168.83,,
20201031_DWG_SN_4_test_image79.jpg,0,39.5,29.97,1183.815,,
20201031_DWG_SN_4_test_image80.jpg,0,40,29.97,1198.8,,
20201031_DWG_SN_4_test_image81.jpg,0,40.5,29.97,1213.785,,
20201031_DWG_SN_4_test_image82.jpg,0,41,29.97,1228.77,,
20201031_DWG_SN_4_test_image83.jpg,0,41.5,29.97,1243.755,,
20201031_DWG_SN_4_test_image84.jpg,0,42,29.97,1258.74,,
20201031_DWG_SN_4_test_image85.jpg,0,42.5,29.97,1273.725,,
20201031_DWG_SN_4_test_image86.jpg,0,43,29.97,1288.71,,
20201031_DWG_SN_4_test_image87.jpg,0,43.5,29.97,1303.695,,
20201031_DWG_SN_4_test_image88.jpg,0,44,29.97,1318.68,,
20201031_DWG_SN_4_test_image89.jpg,0,44.5,29.97,1333.665,,
20201031_DWG_SN_4_test_image90.jpg,0,45,29.97,1348.65,,
20201031_DWG_SN_4_test_image91.jpg,0,45.5,29.97,1363.635,,
20201031_DWG_SN_4_test_image92.jpg,0,46,29.97,1378.62,,
20201031_DWG_SN_4_test_image93.jpg,0,46.5,29.97,1393.605,,
20201031_DWG_SN_4_test_image94.jpg,0,47,29.97,1408.59,,
20201031_DWG_SN_4_test_image95.jpg,0,47.5,29.97,1423.575,,
20201031_DWG_SN_4_test_image96.jpg,0,48,29.97,1438.56,,
20201031_DWG_SN_4_test_image97.jpg,0,48.5,29.97,1453.545,,
20201031_DWG_SN_4_test_image98.jpg,0,49,29.97,1468.53,,
20201031_DWG_SN_4_test_image99.jpg,0,49.5,29.97,1483.515,,
20201031_DWG_SN_4_test_image100.jpg,0,50,29.97,1498.5,,
20201031_DWG_SN_4_test_image101.jpg,0,50.5,29.97,1513.485,,
20201031_DWG_SN_4_test_image102.jpg,0,51,29.97,1528.47,,
20201031_DWG_SN_4_test_image103.jpg,0,51.5,29.97,1543.455,,
20201031_DWG_SN_4_test_image104.jpg,0,52,29.97,1558.44,,
20201031_DWG_SN_4_test_image105.jpg,0,52.5,29.97,1573.425,,
20201031_DWG_SN_4_test_image106.jpg,0,53,29.97,1588.41,,
20201031_DWG_SN_4_test_image107.jpg,0,53.5,29.97,1603.395,,
20201031_DWG_SN_4_test_image108.jpg,0,54,29.97,1618.38,,
20201031_DWG_SN_4_test_image109.jpg,0,54.5,29.97,1633.365,,
20201031_DWG_SN_4_test_image110.jpg,0,55,29.97,1648.35,,
20201031_DWG_SN_4_test_image111.jpg,0,55.5,29.97,1663.335,,
20201031_DWG_SN_4_test_image112.jpg,0,56,29.97,1678.32,,
20201031_DWG_SN_4_test_image113.jpg,0,56.5,29.97,1693.305,,
20201031_DWG_SN_4_test_image114.jpg,0,57,29.97,1708.29,,
20201031_DWG_SN_4_test_image115.jpg,0,57.5,29.97,1723.275,,
20201031_DWG_SN_4_test_image116.jpg,0,58,29.97,1738.26,,
20201031_DWG_SN_4_test_image117.jpg,0,58.5,29.97,1753.245,,
20201031_DWG_SN_4_test_image118.jpg,0,59,29.97,1768.23,,
20201031_DWG_SN_4_test_image119.jpg,0,59.5,29.97,1783.215,,
20201031_DWG_SN_4_test_image120.jpg,0,60,29.97,1798.2,,
20201031_DWG_SN_4_test_image121.jpg,0,60.5,29.97,1813.185,,
20201031_DWG_SN_4_test_image122.jpg,0,61,29.97,1828.17,,
20201031_DWG_SN_4_test_image123.jpg,0,61.5,29.97,1843.155,,
20201031_DWG_SN_4_test_image124.jpg,0,62,29.97,1858.14,,
20201031_DWG_SN_4_test_image125.jpg,0,62.5,29.97,1873.125,,
20201031_DWG_SN_4_test_image126.jpg,0,63,29.97,1888.11,,
20201031_DWG_SN_4_test_image127.jpg,0,63.5,29.97,1903.095,,
20201031_DWG_SN_4_test_image128.jpg,0,64,29.97,1918.08,,
20201031_DWG_SN_4_test_image129.jpg,0,64.5,29.97,1933.065,,
20201031_DWG_SN_4_test_image130.jpg,0,65,29.97,1948.05,,
20201031_DWG_SN_4_test_image131.jpg,0,65.5,29.97,1963.035,,
20201031_DWG_SN_4_test_image132.jpg,0,66,29.97,1978.02,,
20201031_DWG_SN_4_test_image133.jpg,0,66.5,29.97,1993.005,,
20201031_DWG_SN_4_test_image134.jpg,0,67,29.97,2007.99,,
20201031_DWG_SN_4_test_image135.jpg,0,67.5,29.97,2022.975,,
20201031_DWG_SN_4_test_image136.jpg,0,68,29.97,2037.96,,
20201031_DWG_SN_4_test_image137.jpg,0,68.5,29.97,2052.945,,
20201031_DWG_SN_4_test_image138.jpg,0,69,29.97,2067.93,,
20201031_DWG_SN_4_test_image139.jpg,0,69.5,29.97,2082.915,,
20201031_DWG_SN_4_test_image140.jpg,0,70,29.97,2097.9,,
20201031_DWG_SN_4_test_image141.jpg,0,70.5,29.97,2112.885,,
20201031_DWG_SN_4_test_image142.jpg,0,71,29.97,2127.87,,
20201031_DWG_SN_4_test_image143.jpg,0,71.5,29.97,2142.855,,
20201031_DWG_SN_4_test_image144.jpg,0,72,29.97,2157.84,,
20201031_DWG_SN_4_test_image145.jpg,0,72.5,29.97,2172.825,,
20201031_DWG_SN_4_test_image146.jpg,0,73,29.97,2187.81,,
20201031_DWG_SN_4_test_image147.jpg,0,73.5,29.97,2202.795,,
20201031_DWG_SN_4_test_image148.jpg,0,74,29.97,2217.78,,
20201031_DWG_SN_4_test_image149.jpg,0,74.5,29.97,2232.765,,
20201031_DWG_SN_4_test_image150.jpg,0,75,29.97,2247.75,,
20201031_DWG_SN_4_test_image151.jpg,0,75.5,29.97,2262.735,,
20201031_DWG_SN_4_test_image152.jpg,0,76,29.97,2277.72,,
20201031_DWG_SN_4_test_image153.jpg,0,76.5,29.97,2292.705,,
20201031_DWG_SN_4_test_image154.jpg,0,77,29.97,2307.69,,
20201031_DWG_SN_4_test_image155.jpg,0,77.5,29.97,2322.675,,
20201031_DWG_SN_4_test_image156.jpg,0,78,29.97,2337.66,,
20201031_DWG_SN_4_test_image157.jpg,0,78.5,29.97,2352.645,,
20201031_DWG_SN_4_test_image158.jpg,0,79,29.97,2367.63,,
20201031_DWG_SN_4_test_image159.jpg,0,79.5,29.97,2382.615,,
20201031_DWG_SN_4_test_image160.jpg,0,80,29.97,2397.6,,
20201031_DWG_SN_4_test_image161.jpg,0,80.5,29.97,2412.585,,
20201031_DWG_SN_4_test_image162.jpg,0,81,29.97,2427.57,,
20201031_DWG_SN_4_test_image163.jpg,0,81.5,29.97,2442.555,,
20201031_DWG_SN_4_test_image164.jpg,0,82,29.97,2457.54,,
20201031_DWG_SN_4_test_image165.jpg,0,82.5,29.97,2472.525,,
20201031_DWG_SN_4_test_image166.jpg,0,83,29.97,2487.51,,
20201031_DWG_SN_4_test_image167.jpg,0,83.5,29.97,2502.495,,
20201031_DWG_SN_4_test_image168.jpg,0,84,29.97,2517.48,,
20201031_DWG_SN_4_test_image169.jpg,0,84.5,29.97,2532.465,,
20201031_DWG_SN_4_test_image170.jpg,0,85,29.97,2547.45,,
20201031_DWG_SN_4_test_image171.jpg,0,85.5,29.97,2562.435,,
20201031_DWG_SN_4_test_image172.jpg,0,86,29.97,2577.42,,
20201031_DWG_SN_4_test_image173.jpg,0,86.5,29.97,2592.405,,
20201031_DWG_SN_4_test_image174.jpg,0,87,29.97,2607.39,,
20201031_DWG_SN_4_test_image175.jpg,0,87.5,29.97,2622.375,,
20201031_DWG_SN_4_test_image176.jpg,0,88,29.97,2637.36,,
20201031_DWG_SN_4_test_image177.jpg,0,88.5,29.97,2652.345,,
20201031_DWG_SN_4_test_image178.jpg,0,89,29.97,2667.33,,
20201031_DWG_SN_4_test_image179.jpg,0,89.5,29.97,2682.315,,
20201031_DWG_SN_4_test_image180.jpg,0,90,29.97,2697.3,,
20201031_DWG_SN_4_test_image181.jpg,0,90.5,29.97,2712.285,,
20201031_DWG_SN_4_test_image182.jpg,0,91,29.97,2727.27,,
20201031_DWG_SN_4_test_image183.jpg,0,91.5,29.97,2742.255,,
20201031_DWG_SN_4_test_image184.jpg,0,92,29.97,2757.24,,
20201031_DWG_SN_4_test_image185.jpg,0,92.5,29.97,2772.225,,
20201031_DWG_SN_4_test_image186.jpg,0,93,29.97,2787.21,,
20201031_DWG_SN_4_test_image187.jpg,0,93.5,29.97,2802.195,,
20201031_DWG_SN_4_test_image188.jpg,0,94,29.97,2817.18,,
20201031_DWG_SN_4_test_image189.jpg,0,94.5,29.97,2832.165,,
20201031_DWG_SN_4_test_image190.jpg,0,95,29.97,2847.15,,
20201031_DWG_SN_4_test_image191.jpg,0,95.5,29.97,2862.135,,
20201031_DWG_SN_4_test_image192.jpg,0,96,29.97,2877.12,,
20201031_DWG_SN_4_test_image193.jpg,0,96.5,29.97,2892.105,,
20201031_DWG_SN_4_test_image194.jpg,0,97,29.97,2907.09,,
20201031_DWG_SN_4_test_image195.jpg,0,97.5,29.97,2922.075,,
20201031_DWG_SN_4_test_image196.jpg,0,98,29.97,2937.06,,
20201031_DWG_SN_4_test_image197.jpg,0,98.5,29.97,2952.045,,
20201031_DWG_SN_4_test_image198.jpg,0,99,29.97,2967.03,,
20201031_DWG_SN_4_test_image199.jpg,0,99.5,29.97,2982.015,,
20201031_DWG_SN_4_test_image200.jpg,0,100,29.97,2997,,
20201031_DWG_SN_4_test_image201.jpg,0,100.5,29.97,3011.985,,
20201031_DWG_SN_4_test_image202.jpg,0,101,29.97,3026.97,,
20201031_DWG_SN_4_test_image203.jpg,0,101.5,29.97,3041.955,,
20201031_DWG_SN_4_test_image204.jpg,0,102,29.97,3056.94,,
20201031_DWG_SN_4_test_image205.jpg,0,102.5,29.97,3071.925,,
20201031_DWG_SN_4_test_image206.jpg,0,103,29.97,3086.91,,
20201031_DWG_SN_4_test_image207.jpg,0,103.5,29.97,3101.895,,
20201031_DWG_SN_4_test_image208.jpg,0,104,29.97,3116.88,,
20201031_DWG_SN_4_test_image209.jpg,0,104.5,29.97,3131.865,,
20201031_DWG_SN_4_test_image210.jpg,0,105,29.97,3146.85,,
20201031_DWG_SN_4_test_image211.jpg,0,105.5,29.97,3161.835,,
20201031_DWG_SN_4_test_image212.jpg,0,106,29.97,3176.82,,
20201031_DWG_SN_4_test_image213.jpg,0,106.5,29.97,3191.805,,
20201031_DWG_SN_4_test_image214.jpg,0,107,29.97,3206.79,,
20201031_DWG_SN_4_test_image215.jpg,0,107.5,29.97,3221.775,,
20201031_DWG_SN_4_test_image216.jpg,0,108,29.97,3236.76,,
20201031_DWG_SN_4_test_image217.jpg,0,108.5,29.97,3251.745,,
20201031_DWG_SN_4_test_image218.jpg,0,109,29.97,3266.73,,
20201031_DWG_SN_4_test_image219.jpg,0,109.5,29.97,3281.715,,
20201031_DWG_SN_4_test_image220.jpg,0,110,29.97,3296.7,,
20201031_DWG_SN_4_test_image221.jpg,0,110.5,29.97,3311.685,,
20201031_DWG_SN_4_test_image222.jpg,0,111,29.97,3326.67,,
20201031_DWG_SN_4_test_image223.jpg,0,111.5,29.97,3341.655,,
20201031_DWG_SN_4_test_image224.jpg,0,112,29.97,3356.64,,
20201031_DWG_SN_4_test_image225.jpg,0,112.5,29.97,3371.625,,
20201031_DWG_SN_4_test_image226.jpg,0,113,29.97,3386.61,,
20201031_DWG_SN_4_test_image227.jpg,0,113.5,29.97,3401.595,,
20201031_DWG_SN_4_test_image228.jpg,0,114,29.97,3416.58,,
20201031_DWG_SN_4_test_image229.jpg,0,114.5,29.97,3431.565,,
20201031_DWG_SN_4_test_image230.jpg,0,115,29.97,3446.55,,
20201031_DWG_SN_4_test_image231.jpg,0,115.5,29.97,3461.535,,
20201031_DWG_SN_4_test_image232.jpg,0,116,29.97,3476.52,,
20201031_DWG_SN_4_test_image233.jpg,0,116.5,29.97,3491.505,,
20201031_DWG_SN_4_test_image234.jpg,0,117,29.97,3506.49,,
20201031_DWG_SN_4_test_image235.jpg,0,117.5,29.97,3521.475,,
20201031_DWG_SN_4_test_image236.jpg,0,118,29.97,3536.46,,
20201031_DWG_SN_4_test_image237.jpg,0,118.5,29.97,3551.445,,
20201031_DWG_SN_4_test_image238.jpg,0,119,29.97,3566.43,,
20201031_DWG_SN_4_test_image239.jpg,0,119.5,29.97,3581.415,,
20201031_DWG_SN_4_test_image240.jpg,0,120,29.97,3596.4,,
20201031_DWG_SN_4_test_image241.jpg,0,120.5,29.97,3611.385,,
20201031_DWG_SN_4_test_image242.jpg,0,121,29.97,3626.37,,
20201031_DWG_SN_4_test_image243.jpg,0,121.5,29.97,3641.355,,
20201031_DWG_SN_4_test_image244.jpg,0,122,29.97,3656.34,,
20201031_DWG_SN_4_test_image245.jpg,0,122.5,29.97,3671.325,,
20201031_DWG_SN_4_test_image246.jpg,0,123,29.97,3686.31,,
20201031_DWG_SN_4_test_image247.jpg,0,123.5,29.97,3701.295,,
20201031_DWG_SN_4_test_image248.jpg,0,124,29.97,3716.28,,
20201031_DWG_SN_4_test_image249.jpg,0,124.5,29.97,3731.265,,
20201031_DWG_SN_4_test_image250.jpg,0,125,29.97,3746.25,,
20201031_DWG_SN_4_test_image251.jpg,0,125.5,29.97,3761.235,,
20201031_DWG_SN_4_test_image252.jpg,0,126,29.97,3776.22,,
20201031_DWG_SN_4_test_image253.jpg,0,126.5,29.97,3791.205,,
20201031_DWG_SN_4_test_image254.jpg,0,127,29.97,3806.19,,
20201031_DWG_SN_4_test_image255.jpg,0,127.5,29.97,3821.175,,
20201031_DWG_SN_4_test_image256.jpg,0,128,29.97,3836.16,,
20201031_DWG_SN_4_test_image257.jpg,0,128.5,29.97,3851.145,,
20201031_DWG_SN_4_test_image258.jpg,0,129,29.97,3866.13,,
20201031_DWG_SN_4_test_image259.jpg,0,129.5,29.97,3881.115,,
20201031_DWG_SN_4_test_image260.jpg,0,130,29.97,3896.1,,
20201031_DWG_SN_4_test_image261.jpg,0,130.5,29.97,3911.085,,
20201031_DWG_SN_4_test_image262.jpg,0,131,29.97,3926.07,,
20201031_DWG_SN_4_test_image263.jpg,0,131.5,29.97,3941.055,,
20201031_DWG_SN_4_test_image264.jpg,0,132,29.97,3956.04,,
20201031_DWG_SN_4_test_image265.jpg,0,132.5,29.97,3971.025,,
20201031_DWG_SN_4_test_image266.jpg,0,133,29.97,3986.01,,
20201031_DWG_SN_4_test_image267.jpg,0,133.5,29.97,4000.995,,
20201031_DWG_SN_4_test_image268.jpg,0,134,29.97,4015.98,,
20201031_DWG_SN_4_test_image269.jpg,0,134.5,29.97,4030.965,,
20201031_DWG_SN_4_test_image270.jpg,0,135,29.97,4045.95,,
20201031_DWG_SN_4_test_image271.jpg,0,135.5,29.97,4060.935,,
20201031_DWG_SN_4_test_image272.jpg,0,136,29.97,4075.92,,
20201031_DWG_SN_4_test_image273.jpg,0,136.5,29.97,4090.905,,
20201031_DWG_SN_4_test_image274.jpg,0,137,29.97,4105.89,,
20201031_DWG_SN_4_test_image275.jpg,0,137.5,29.97,4120.875,,
20201031_DWG_SN_4_test_image276.jpg,0,138,29.97,4135.86,,
20201031_DWG_SN_4_test_image277.jpg,0,138.5,29.97,4150.845,,
20201031_DWG_SN_4_test_image278.jpg,0,139,29.97,4165.83,,
20201031_DWG_SN_4_test_image279.jpg,0,139.5,29.97,4180.815,,
20201031_DWG_SN_4_test_image280.jpg,0,140,29.97,4195.8,,
20201031_DWG_SN_4_test_image281.jpg,0,140.5,29.97,4210.785,,
20201031_DWG_SN_4_test_image282.jpg,0,141,29.97,4225.77,,
20201031_DWG_SN_4_test_image283.jpg,0,141.5,29.97,4240.755,,
20201031_DWG_SN_4_test_image284.jpg,0,142,29.97,4255.74,,
20201031_DWG_SN_4_test_image285.jpg,0,142.5,29.97,4270.725,,
20201031_DWG_SN_4_test_image286.jpg,0,143,29.97,4285.71,,
20201031_DWG_SN_4_test_image287.jpg,0,143.5,29.97,4300.695,,
20201031_DWG_SN_4_test_image288.jpg,0,144,29.97,4315.68,,
20201031_DWG_SN_4_test_image289.jpg,0,144.5,29.97,4330.665,,
20201031_DWG_SN_4_test_image290.jpg,0,145,29.97,4345.65,,
20201031_DWG_SN_4_test_image291.jpg,0,145.5,29.97,4360.635,,
20201031_DWG_SN_4_test_image292.jpg,0,146,29.97,4375.62,,
20201031_DWG_SN_4_test_image293.jpg,0,146.5,29.97,4390.605,,
20201031_DWG_SN_4_test_image294.jpg,0,147,29.97,4405.59,,
20201031_DWG_SN_4_test_image295.jpg,0,147.5,29.97,4420.575,,
20201031_DWG_SN_4_test_image296.jpg,0,148,29.97,4435.56,,
20201031_DWG_SN_4_test_image297.jpg,0,148.5,29.97,4450.545,,
20201031_DWG_SN_4_test_image298.jpg,0,149,29.97,4465.53,,
20201031_DWG_SN_4_test_image299.jpg,0,149.5,29.97,4480.515,,
20201031_DWG_SN_4_test_image300.jpg,0,150,29.97,4495.5,,
20201031_DWG_SN_4_test_image301.jpg,0,150.5,29.97,4510.485,,
20201031_DWG_SN_4_test_image302.jpg,0,151,29.97,4525.47,,
20201031_DWG_SN_4_test_image303.jpg,0,151.5,29.97,4540.455,,
20201031_DWG_SN_4_test_image304.jpg,0,152,29.97,4555.44,,
20201031_DWG_SN_4_test_image305.jpg,0,152.5,29.97,4570.425,,
20201031_DWG_SN_4_test_image306.jpg,0,153,29.97,4585.41,,
20201031_DWG_SN_4_test_image307.jpg,0,153.5,29.97,4600.395,,
20201031_DWG_SN_4_test_image308.jpg,0,154,29.97,4615.38,,
20201031_DWG_SN_4_test_image309.jpg,0,154.5,29.97,4630.365,,
20201031_DWG_SN_4_test_image310.jpg,0,155,29.97,4645.35,,
20201031_DWG_SN_4_test_image311.jpg,0,155.5,29.97,4660.335,,
20201031_DWG_SN_4_test_image312.jpg,0,156,29.97,4675.32,,
20201031_DWG_SN_4_test_image313.jpg,0,156.5,29.97,4690.305,,
20201031_DWG_SN_4_test_image314.jpg,0,157,29.97,4705.29,,
20201031_DWG_SN_4_test_image315.jpg,0,157.5,29.97,4720.275,,
20201031_DWG_SN_4_test_image316.jpg,0,158,29.97,4735.26,,
20201031_DWG_SN_4_test_image317.jpg,0,158.5,29.97,4750.245,,
20201031_DWG_SN_4_test_image318.jpg,0,159,29.97,4765.23,,
20201031_DWG_SN_4_test_image319.jpg,0,159.5,29.97,4780.215,,
20201031_DWG_SN_4_test_image320.jpg,0,160,29.97,4795.2,,
20201031_DWG_SN_4_test_image321.jpg,0,160.5,29.97,4810.185,,
20201031_DWG_SN_4_test_image322.jpg,0,161,29.97,4825.17,,
20201031_DWG_SN_4_test_image323.jpg,1,161.5,29.97,4840.155,연,"4840.155,5724.27"
20201031_DWG_SN_4_test_image324.jpg,1,162,29.97,4855.14,연,
20201031_DWG_SN_4_test_image325.jpg,1,162.5,29.97,4870.125,연,
20201031_DWG_SN_4_test_image326.jpg,1,163,29.97,4885.11,연,
20201031_DWG_SN_4_test_image327.jpg,1,163.5,29.97,4900.095,연,
20201031_DWG_SN_4_test_image328.jpg,1,164,29.97,4915.08,연,
20201031_DWG_SN_4_test_image329.jpg,1,164.5,29.97,4930.065,연,
20201031_DWG_SN_4_test_image330.jpg,1,165,29.97,4945.05,연,
20201031_DWG_SN_4_test_image331.jpg,1,165.5,29.97,4960.035,연,
20201031_DWG_SN_4_test_image332.jpg,1,166,29.97,4975.02,연,
20201031_DWG_SN_4_test_image333.jpg,1,166.5,29.97,4990.005,연,
20201031_DWG_SN_4_test_image334.jpg,1,167,29.97,5004.99,연,
20201031_DWG_SN_4_test_image335.jpg,1,167.5,29.97,5019.975,연,
20201031_DWG_SN_4_test_image336.jpg,1,168,29.97,5034.96,연,
20201031_DWG_SN_4_test_image337.jpg,1,168.5,29.97,5049.945,연,
20201031_DWG_SN_4_test_image338.jpg,1,169,29.97,5064.93,연,
20201031_DWG_SN_4_test_image339.jpg,1,169.5,29.97,5079.915,연,
20201031_DWG_SN_4_test_image340.jpg,1,170,29.97,5094.9,연,
20201031_DWG_SN_4_test_image341.jpg,1,170.5,29.97,5109.885,연,
20201031_DWG_SN_4_test_image342.jpg,1,171,29.97,5124.87,연,
20201031_DWG_SN_4_test_image343.jpg,1,171.5,29.97,5139.855,연,
20201031_DWG_SN_4_test_image344.jpg,1,172,29.97,5154.84,연,
20201031_DWG_SN_4_test_image345.jpg,1,172.5,29.97,5169.825,연,
20201031_DWG_SN_4_test_image346.jpg,1,173,29.97,5184.81,연,
20201031_DWG_SN_4_test_image347.jpg,1,173.5,29.97,5199.795,연,
20201031_DWG_SN_4_test_image348.jpg,1,174,29.97,5214.78,연,
20201031_DWG_SN_4_test_image349.jpg,1,174.5,29.97,5229.765,연,
20201031_DWG_SN_4_test_image350.jpg,1,175,29.97,5244.75,연,
20201031_DWG_SN_4_test_image351.jpg,1,175.5,29.97,5259.735,연,
20201031_DWG_SN_4_test_image352.jpg,1,176,29.97,5274.72,연,
20201031_DWG_SN_4_test_image353.jpg,1,176.5,29.97,5289.705,연,
20201031_DWG_SN_4_test_image354.jpg,1,177,29.97,5304.69,연,
20201031_DWG_SN_4_test_image355.jpg,1,177.5,29.97,5319.675,연,
20201031_DWG_SN_4_test_image356.jpg,1,178,29.97,5334.66,연,
20201031_DWG_SN_4_test_image357.jpg,1,178.5,29.97,5349.645,연,
20201031_DWG_SN_4_test_image358.jpg,1,179,29.97,5364.63,연,
20201031_DWG_SN_4_test_image359.jpg,1,179.5,29.97,5379.615,연,
20201031_DWG_SN_4_test_image360.jpg,1,180,29.97,5394.6,연,
20201031_DWG_SN_4_test_image361.jpg,1,180.5,29.97,5409.585,연,
20201031_DWG_SN_4_test_image362.jpg,1,181,29.97,5424.57,연,
20201031_DWG_SN_4_test_image363.jpg,1,181.5,29.97,5439.555,연,
20201031_DWG_SN_4_test_image364.jpg,1,182,29.97,5454.54,연,
20201031_DWG_SN_4_test_image365.jpg,1,182.5,29.97,5469.525,연,
20201031_DWG_SN_4_test_image366.jpg,1,183,29.97,5484.51,연,
20201031_DWG_SN_4_test_image367.jpg,1,183.5,29.97,5499.495,연,
20201031_DWG_SN_4_test_image368.jpg,1,184,29.97,5514.48,연,
20201031_DWG_SN_4_test_image369.jpg,1,184.5,29.97,5529.465,연,
20201031_DWG_SN_4_test_image370.jpg,1,185,29.97,5544.45,연,
20201031_DWG_SN_4_test_image371.jpg,1,185.5,29.97,5559.435,연,
20201031_DWG_SN_4_test_image372.jpg,1,186,29.97,5574.42,연,
20201031_DWG_SN_4_test_image373.jpg,1,186.5,29.97,5589.405,연,
20201031_DWG_SN_4_test_image374.jpg,1,187,29.97,5604.39,연,
20201031_DWG_SN_4_test_image375.jpg,1,187.5,29.97,5619.375,연,
20201031_DWG_SN_4_test_image376.jpg,1,188,29.97,5634.36,연,
20201031_DWG_SN_4_test_image377.jpg,1,188.5,29.97,5649.345,연,
20201031_DWG_SN_4_test_image378.jpg,1,189,29.97,5664.33,연,
20201031_DWG_SN_4_test_image379.jpg,1,189.5,29.97,5679.315,연,
20201031_DWG_SN_4_test_image380.jpg,1,190,29.97,5694.3,연,
20201031_DWG_SN_4_test_image381.jpg,1,190.5,29.97,5709.285,연,
20201031_DWG_SN_4_test_image382.jpg,1,191,29.97,5724.27,연,
20201031_DWG_SN_4_test_image383.jpg,0,191.5,29.97,5739.255,,
20201031_DWG_SN_4_test_image384.jpg,0,192,29.97,5754.24,,
20201031_DWG_SN_4_test_image385.jpg,0,192.5,29.97,5769.225,,
20201031_DWG_SN_4_test_image386.jpg,0,193,29.97,5784.21,,
20201031_DWG_SN_4_test_image387.jpg,0,193.5,29.97,5799.195,,
20201031_DWG_SN_4_test_image388.jpg,0,194,29.97,5814.18,,
20201031_DWG_SN_4_test_image389.jpg,0,194.5,29.97,5829.165,,
20201031_DWG_SN_4_test_image390.jpg,0,195,29.97,5844.15,,
20201031_DWG_SN_4_test_image391.jpg,0,195.5,29.97,5859.135,,
20201031_DWG_SN_4_test_image392.jpg,0,196,29.97,5874.12,,
20201031_DWG_SN_4_test_image393.jpg,0,196.5,29.97,5889.105,,
20201031_DWG_SN_4_test_image394.jpg,0,197,29.97,5904.09,,
20201031_DWG_SN_4_test_image395.jpg,0,197.5,29.97,5919.075,,
20201031_DWG_SN_4_test_image396.jpg,0,198,29.97,5934.06,,
20201031_DWG_SN_4_test_image397.jpg,0,198.5,29.97,5949.045,,
20201031_DWG_SN_4_test_image398.jpg,0,199,29.97,5964.03,,
20201031_DWG_SN_4_test_image399.jpg,0,199.5,29.97,5979.015,,
20201031_DWG_SN_4_test_image400.jpg,0,200,29.97,5994,,
20201031_DWG_SN_4_test_image401.jpg,0,200.5,29.97,6008.985,,
20201031_DWG_SN_4_test_image402.jpg,0,201,29.97,6023.97,,
20201031_DWG_SN_4_test_image403.jpg,0,201.5,29.97,6038.955,,
20201031_DWG_SN_4_test_image404.jpg,0,202,29.97,6053.94,,
20201031_DWG_SN_4_test_image405.jpg,0,202.5,29.97,6068.925,,
20201031_DWG_SN_4_test_image406.jpg,0,203,29.97,6083.91,,
20201031_DWG_SN_4_test_image407.jpg,0,203.5,29.97,6098.895,,
20201031_DWG_SN_4_test_image408.jpg,0,204,29.97,6113.88,,
20201031_DWG_SN_4_test_image409.jpg,0,204.5,29.97,6128.865,,
20201031_DWG_SN_4_test_image410.jpg,0,205,29.97,6143.85,,
20201031_DWG_SN_4_test_image411.jpg,0,205.5,29.97,6158.835,,
20201031_DWG_SN_4_test_image412.jpg,0,206,29.97,6173.82,,
20201031_DWG_SN_4_test_image413.jpg,0,206.5,29.97,6188.805,,
20201031_DWG_SN_4_test_image414.jpg,1,207,29.97,6203.79,연,"6203.79,7627.365"
20201031_DWG_SN_4_test_image415.jpg,1,207.5,29.97,6218.775,연,
20201031_DWG_SN_4_test_image416.jpg,1,208,29.97,6233.76,연,
20201031_DWG_SN_4_test_image417.jpg,1,208.5,29.97,6248.745,연,
20201031_DWG_SN_4_test_image418.jpg,1,209,29.97,6263.73,연,
20201031_DWG_SN_4_test_image419.jpg,1,209.5,29.97,6278.715,연,
20201031_DWG_SN_4_test_image420.jpg,1,210,29.97,6293.7,연,
20201031_DWG_SN_4_test_image421.jpg,1,210.5,29.97,6308.685,연,
20201031_DWG_SN_4_test_image422.jpg,1,211,29.97,6323.67,연,
20201031_DWG_SN_4_test_image423.jpg,1,211.5,29.97,6338.655,연,
20201031_DWG_SN_4_test_image424.jpg,1,212,29.97,6353.64,연,
20201031_DWG_SN_4_test_image425.jpg,1,212.5,29.97,6368.625,연,
20201031_DWG_SN_4_test_image426.jpg,1,213,29.97,6383.61,연,
20201031_DWG_SN_4_test_image427.jpg,1,213.5,29.97,6398.595,연,
20201031_DWG_SN_4_test_image428.jpg,1,214,29.97,6413.58,연,
20201031_DWG_SN_4_test_image429.jpg,1,214.5,29.97,6428.565,연,
20201031_DWG_SN_4_test_image430.jpg,1,215,29.97,6443.55,연,
20201031_DWG_SN_4_test_image431.jpg,1,215.5,29.97,6458.535,연,
20201031_DWG_SN_4_test_image432.jpg,1,216,29.97,6473.52,연,
20201031_DWG_SN_4_test_image433.jpg,1,216.5,29.97,6488.505,연,
20201031_DWG_SN_4_test_image434.jpg,1,217,29.97,6503.49,연,
20201031_DWG_SN_4_test_image435.jpg,1,217.5,29.97,6518.475,연,
20201031_DWG_SN_4_test_image436.jpg,1,218,29.97,6533.46,연,
20201031_DWG_SN_4_test_image437.jpg,1,218.5,29.97,6548.445,연,
20201031_DWG_SN_4_test_image438.jpg,1,219,29.97,6563.43,연,
20201031_DWG_SN_4_test_image439.jpg,1,219.5,29.97,6578.415,연,
20201031_DWG_SN_4_test_image440.jpg,1,220,29.97,6593.4,연,
20201031_DWG_SN_4_test_image441.jpg,1,220.5,29.97,6608.385,연,
20201031_DWG_SN_4_test_image442.jpg,1,221,29.97,6623.37,연,
20201031_DWG_SN_4_test_image443.jpg,1,221.5,29.97,6638.355,연,
20201031_DWG_SN_4_test_image444.jpg,1,222,29.97,6653.34,연,
20201031_DWG_SN_4_test_image445.jpg,1,222.5,29.97,6668.325,연,
20201031_DWG_SN_4_test_image446.jpg,1,223,29.97,6683.31,연,
20201031_DWG_SN_4_test_image447.jpg,1,223.5,29.97,6698.295,연,
20201031_DWG_SN_4_test_image448.jpg,1,224,29.97,6713.28,연,
20201031_DWG_SN_4_test_image449.jpg,1,224.5,29.97,6728.265,연,
20201031_DWG_SN_4_test_image450.jpg,1,225,29.97,6743.25,연,
20201031_DWG_SN_4_test_image451.jpg,1,225.5,29.97,6758.235,연,
20201031_DWG_SN_4_test_image452.jpg,1,226,29.97,6773.22,연,
20201031_DWG_SN_4_test_image453.jpg,1,226.5,29.97,6788.205,연,
20201031_DWG_SN_4_test_image454.jpg,1,227,29.97,6803.19,연,
20201031_DWG_SN_4_test_image455.jpg,1,227.5,29.97,6818.175,연,
20201031_DWG_SN_4_test_image456.jpg,1,228,29.97,6833.16,연,
20201031_DWG_SN_4_test_image457.jpg,1,228.5,29.97,6848.145,연,
20201031_DWG_SN_4_test_image458.jpg,1,229,29.97,6863.13,연,
20201031_DWG_SN_4_test_image459.jpg,1,229.5,29.97,6878.115,연,
20201031_DWG_SN_4_test_image460.jpg,1,230,29.97,6893.1,연,
20201031_DWG_SN_4_test_image461.jpg,1,230.5,29.97,6908.085,연,
20201031_DWG_SN_4_test_image462.jpg,1,231,29.97,6923.07,연,
20201031_DWG_SN_4_test_image463.jpg,1,231.5,29.97,6938.055,연,
20201031_DWG_SN_4_test_image464.jpg,1,232,29.97,6953.04,연,
20201031_DWG_SN_4_test_image465.jpg,1,232.5,29.97,6968.025,연,
20201031_DWG_SN_4_test_image466.jpg,1,233,29.97,6983.01,연,
20201031_DWG_SN_4_test_image467.jpg,1,233.5,29.97,6997.995,연,
20201031_DWG_SN_4_test_image468.jpg,1,234,29.97,7012.98,연,
20201031_DWG_SN_4_test_image469.jpg,1,234.5,29.97,7027.965,연,
20201031_DWG_SN_4_test_image470.jpg,1,235,29.97,7042.95,연,
20201031_DWG_SN_4_test_image471.jpg,1,235.5,29.97,7057.935,연,
20201031_DWG_SN_4_test_image472.jpg,1,236,29.97,7072.92,연,
20201031_DWG_SN_4_test_image473.jpg,1,236.5,29.97,7087.905,연,
20201031_DWG_SN_4_test_image474.jpg,1,237,29.97,7102.89,연,
20201031_DWG_SN_4_test_image475.jpg,1,237.5,29.97,7117.875,연,
20201031_DWG_SN_4_test_image476.jpg,1,238,29.97,7132.86,연,
20201031_DWG_SN_4_test_image477.jpg,1,238.5,29.97,7147.845,연,
20201031_DWG_SN_4_test_image478.jpg,1,239,29.97,7162.83,연,
20201031_DWG_SN_4_test_image479.jpg,1,239.5,29.97,7177.815,연,
20201031_DWG_SN_4_test_image480.jpg,1,240,29.97,7192.8,연,
20201031_DWG_SN_4_test_image481.jpg,1,240.5,29.97,7207.785,연,
20201031_DWG_SN_4_test_image482.jpg,1,241,29.97,7222.77,연,
20201031_DWG_SN_4_test_image483.jpg,1,241.5,29.97,7237.755,연,
20201031_DWG_SN_4_test_image484.jpg,1,242,29.97,7252.74,연,
20201031_DWG_SN_4_test_image485.jpg,1,242.5,29.97,7267.725,연,
20201031_DWG_SN_4_test_image486.jpg,1,243,29.97,7282.71,연,
20201031_DWG_SN_4_test_image487.jpg,1,243.5,29.97,7297.695,연,
20201031_DWG_SN_4_test_image488.jpg,1,244,29.97,7312.68,연,
20201031_DWG_SN_4_test_image489.jpg,1,244.5,29.97,7327.665,연,
20201031_DWG_SN_4_test_image490.jpg,1,245,29.97,7342.65,연,
20201031_DWG_SN_4_test_image491.jpg,1,245.5,29.97,7357.635,연,
20201031_DWG_SN_4_test_image492.jpg,1,246,29.97,7372.62,연,
20201031_DWG_SN_4_test_image493.jpg,1,246.5,29.97,7387.605,연,
20201031_DWG_SN_4_test_image494.jpg,1,247,29.97,7402.59,연,
20201031_DWG_SN_4_test_image495.jpg,1,247.5,29.97,7417.575,연,
20201031_DWG_SN_4_test_image496.jpg,1,248,29.97,7432.56,연,
20201031_DWG_SN_4_test_image497.jpg,1,248.5,29.97,7447.545,연,
20201031_DWG_SN_4_test_image498.jpg,1,249,29.97,7462.53,연,
20201031_DWG_SN_4_test_image499.jpg,1,249.5,29.97,7477.515,연,
20201031_DWG_SN_4_test_image500.jpg,1,250,29.97,7492.5,연,
20201031_DWG_SN_4_test_image501.jpg,1,250.5,29.97,7507.485,연,
20201031_DWG_SN_4_test_image502.jpg,1,251,29.97,7522.47,연,
20201031_DWG_SN_4_test_image503.jpg,1,251.5,29.97,7537.455,연,
20201031_DWG_SN_4_test_image504.jpg,1,252,29.97,7552.44,연,
20201031_DWG_SN_4_test_image505.jpg,1,252.5,29.97,7567.425,연,
20201031_DWG_SN_4_test_image506.jpg,1,253,29.97,7582.41,연,
20201031_DWG_SN_4_test_image507.jpg,1,253.5,29.97,7597.395,연,
20201031_DWG_SN_4_test_image508.jpg,1,254,29.97,7612.38,연,
20201031_DWG_SN_4_test_image509.jpg,1,254.5,29.97,7627.365,연,
20201031_DWG_SN_4_test_image510.jpg,0,255,29.97,7642.35,,
20201031_DWG_SN_4_test_image511.jpg,0,255.5,29.97,7657.335,,
20201031_DWG_SN_4_test_image512.jpg,0,256,29.97,7672.32,,
20201031_DWG_SN_4_test_image513.jpg,0,256.5,29.97,7687.305,,
20201031_DWG_SN_4_test_image514.jpg,0,257,29.97,7702.29,,
20201031_DWG_SN_4_test_image515.jpg,0,257.5,29.97,7717.275,,
20201031_DWG_SN_4_test_image516.jpg,0,258,29.97,7732.26,,
20201031_DWG_SN_4_test_image517.jpg,0,258.5,29.97,7747.245,,
20201031_DWG_SN_4_test_image518.jpg,0,259,29.97,7762.23,,
20201031_DWG_SN_4_test_image519.jpg,0,259.5,29.97,7777.215,,
20201031_DWG_SN_4_test_image520.jpg,0,260,29.97,7792.2,,
20201031_DWG_SN_4_test_image521.jpg,0,260.5,29.97,7807.185,,
20201031_DWG_SN_4_test_image522.jpg,0,261,29.97,7822.17,,
20201031_DWG_SN_4_test_image523.jpg,0,261.5,29.97,7837.155,,
20201031_DWG_SN_4_test_image524.jpg,0,262,29.97,7852.14,,
20201031_DWG_SN_4_test_image525.jpg,0,262.5,29.97,7867.125,,
20201031_DWG_SN_4_test_image526.jpg,0,263,29.97,7882.11,,
20201031_DWG_SN_4_test_image527.jpg,0,263.5,29.97,7897.095,,
20201031_DWG_SN_4_test_image528.jpg,0,264,29.97,7912.08,,
20201031_DWG_SN_4_test_image529.jpg,0,264.5,29.97,7927.065,,
20201031_DWG_SN_4_test_image530.jpg,0,265,29.97,7942.05,,
20201031_DWG_SN_4_test_image531.jpg,0,265.5,29.97,7957.035,,
20201031_DWG_SN_4_test_image532.jpg,0,266,29.97,7972.02,,
20201031_DWG_SN_4_test_image533.jpg,0,266.5,29.97,7987.005,,
20201031_DWG_SN_4_test_image534.jpg,0,267,29.97,8001.99,,
20201031_DWG_SN_4_test_image535.jpg,0,267.5,29.97,8016.975,,
20201031_DWG_SN_4_test_image536.jpg,0,268,29.97,8031.96,,
20201031_DWG_SN_4_test_image537.jpg,0,268.5,29.97,8046.945,,
20201031_DWG_SN_4_test_image538.jpg,0,269,29.97,8061.93,,
20201031_DWG_SN_4_test_image539.jpg,0,269.5,29.97,8076.915,,
20201031_DWG_SN_4_test_image540.jpg,0,270,29.97,8091.9,,
20201031_DWG_SN_4_test_image541.jpg,0,270.5,29.97,8106.885,,
20201031_DWG_SN_4_test_image542.jpg,0,271,29.97,8121.87,,
20201031_DWG_SN_4_test_image543.jpg,0,271.5,29.97,8136.855,,
20201031_DWG_SN_4_test_image544.jpg,0,272,29.97,8151.84,,
20201031_DWG_SN_4_test_image545.jpg,0,272.5,29.97,8166.825,,
20201031_DWG_SN_4_test_image546.jpg,0,273,29.97,8181.81,,
20201031_DWG_SN_4_test_image547.jpg,0,273.5,29.97,8196.795,,
20201031_DWG_SN_4_test_image548.jpg,0,274,29.97,8211.78,,
20201031_DWG_SN_4_test_image549.jpg,0,274.5,29.97,8226.765,,
20201031_DWG_SN_4_test_image550.jpg,0,275,29.97,8241.75,,
20201031_DWG_SN_4_test_image551.jpg,0,275.5,29.97,8256.735,,
20201031_DWG_SN_4_test_image552.jpg,0,276,29.97,8271.72,,
20201031_DWG_SN_4_test_image553.jpg,0,276.5,29.97,8286.705,,
20201031_DWG_SN_4_test_image554.jpg,0,277,29.97,8301.69,,
20201031_DWG_SN_4_test_image555.jpg,0,277.5,29.97,8316.675,,
20201031_DWG_SN_4_test_image556.jpg,0,278,29.97,8331.66,,
20201031_DWG_SN_4_test_image557.jpg,0,278.5,29.97,8346.645,,
20201031_DWG_SN_4_test_image558.jpg,0,279,29.97,8361.63,,
20201031_DWG_SN_4_test_image559.jpg,0,279.5,29.97,8376.615,,
20201031_DWG_SN_4_test_image560.jpg,0,280,29.97,8391.6,,
20201031_DWG_SN_4_test_image561.jpg,0,280.5,29.97,8406.585,,
20201031_DWG_SN_4_test_image562.jpg,0,281,29.97,8421.57,,
20201031_DWG_SN_4_test_image563.jpg,0,281.5,29.97,8436.555,,
20201031_DWG_SN_4_test_image564.jpg,0,282,29.97,8451.54,,
20201031_DWG_SN_4_test_image565.jpg,0,282.5,29.97,8466.525,,
20201031_DWG_SN_4_test_image566.jpg,1,283,29.97,8481.51,연,"8481.51,9755.235"
20201031_DWG_SN_4_test_image567.jpg,1,283.5,29.97,8496.495,연,
20201031_DWG_SN_4_test_image568.jpg,1,284,29.97,8511.48,연,
20201031_DWG_SN_4_test_image569.jpg,1,284.5,29.97,8526.465,연,
20201031_DWG_SN_4_test_image570.jpg,1,285,29.97,8541.45,연,
20201031_DWG_SN_4_test_image571.jpg,1,285.5,29.97,8556.435,연,
20201031_DWG_SN_4_test_image572.jpg,1,286,29.97,8571.42,연,
20201031_DWG_SN_4_test_image573.jpg,1,286.5,29.97,8586.405,연,
20201031_DWG_SN_4_test_image574.jpg,1,287,29.97,8601.39,연,
20201031_DWG_SN_4_test_image575.jpg,1,287.5,29.97,8616.375,연,
20201031_DWG_SN_4_test_image576.jpg,1,288,29.97,8631.36,연,
20201031_DWG_SN_4_test_image577.jpg,1,288.5,29.97,8646.345,연,
20201031_DWG_SN_4_test_image578.jpg,1,289,29.97,8661.33,연,
20201031_DWG_SN_4_test_image579.jpg,1,289.5,29.97,8676.315,연,
20201031_DWG_SN_4_test_image580.jpg,1,290,29.97,8691.3,연,
20201031_DWG_SN_4_test_image581.jpg,1,290.5,29.97,8706.285,연,
20201031_DWG_SN_4_test_image582.jpg,1,291,29.97,8721.27,연,
20201031_DWG_SN_4_test_image583.jpg,1,291.5,29.97,8736.255,연,
20201031_DWG_SN_4_test_image584.jpg,1,292,29.97,8751.24,연,
20201031_DWG_SN_4_test_image585.jpg,1,292.5,29.97,8766.225,연,
20201031_DWG_SN_4_test_image586.jpg,1,293,29.97,8781.21,연,
20201031_DWG_SN_4_test_image587.jpg,1,293.5,29.97,8796.195,연,
20201031_DWG_SN_4_test_image588.jpg,1,294,29.97,8811.18,연,
20201031_DWG_SN_4_test_image589.jpg,1,294.5,29.97,8826.165,연,
20201031_DWG_SN_4_test_image590.jpg,1,295,29.97,8841.15,연,
20201031_DWG_SN_4_test_image591.jpg,1,295.5,29.97,8856.135,연,
20201031_DWG_SN_4_test_image592.jpg,1,296,29.97,8871.12,연,
20201031_DWG_SN_4_test_image593.jpg,1,296.5,29.97,8886.105,연,
20201031_DWG_SN_4_test_image594.jpg,1,297,29.97,8901.09,연,
20201031_DWG_SN_4_test_image595.jpg,1,297.5,29.97,8916.075,연,
20201031_DWG_SN_4_test_image596.jpg,1,298,29.97,8931.06,연,
20201031_DWG_SN_4_test_image597.jpg,1,298.5,29.97,8946.045,연,
20201031_DWG_SN_4_test_image598.jpg,1,299,29.97,8961.03,연,
20201031_DWG_SN_4_test_image599.jpg,1,299.5,29.97,8976.015,연,
20201031_DWG_SN_4_test_image600.jpg,1,300,29.97,8991,연,
20201031_DWG_SN_4_test_image601.jpg,1,300.5,29.97,9005.985,연,
20201031_DWG_SN_4_test_image602.jpg,1,301,29.97,9020.97,연,
20201031_DWG_SN_4_test_image603.jpg,1,301.5,29.97,9035.955,연,
20201031_DWG_SN_4_test_image604.jpg,1,302,29.97,9050.94,연,
20201031_DWG_SN_4_test_image605.jpg,1,302.5,29.97,9065.925,연,
20201031_DWG_SN_4_test_image606.jpg,1,303,29.97,9080.91,연,
20201031_DWG_SN_4_test_image607.jpg,1,303.5,29.97,9095.895,연,
20201031_DWG_SN_4_test_image608.jpg,1,304,29.97,9110.88,연,
20201031_DWG_SN_4_test_image609.jpg,1,304.5,29.97,9125.865,연,
20201031_DWG_SN_4_test_image610.jpg,1,305,29.97,9140.85,연,
20201031_DWG_SN_4_test_image611.jpg,1,305.5,29.97,9155.835,연,
20201031_DWG_SN_4_test_image612.jpg,1,306,29.97,9170.82,연,
20201031_DWG_SN_4_test_image613.jpg,1,306.5,29.97,9185.805,연,
20201031_DWG_SN_4_test_image614.jpg,1,307,29.97,9200.79,연,
20201031_DWG_SN_4_test_image615.jpg,1,307.5,29.97,9215.775,연,
20201031_DWG_SN_4_test_image616.jpg,1,308,29.97,9230.76,연,
20201031_DWG_SN_4_test_image617.jpg,1,308.5,29.97,9245.745,연,
20201031_DWG_SN_4_test_image618.jpg,1,309,29.97,9260.73,연,
20201031_DWG_SN_4_test_image619.jpg,1,309.5,29.97,9275.715,연,
20201031_DWG_SN_4_test_image620.jpg,1,310,29.97,9290.7,연,
20201031_DWG_SN_4_test_image621.jpg,1,310.5,29.97,9305.685,연,
20201031_DWG_SN_4_test_image622.jpg,1,311,29.97,9320.67,연,
20201031_DWG_SN_4_test_image623.jpg,1,311.5,29.97,9335.655,연,
20201031_DWG_SN_4_test_image624.jpg,1,312,29.97,9350.64,연,
20201031_DWG_SN_4_test_image625.jpg,1,312.5,29.97,9365.625,연,
20201031_DWG_SN_4_test_image626.jpg,1,313,29.97,9380.61,연,
20201031_DWG_SN_4_test_image627.jpg,1,313.5,29.97,9395.595,연,
20201031_DWG_SN_4_test_image628.jpg,1,314,29.97,9410.58,연,
20201031_DWG_SN_4_test_image629.jpg,1,314.5,29.97,9425.565,연,
20201031_DWG_SN_4_test_image630.jpg,1,315,29.97,9440.55,연,
20201031_DWG_SN_4_test_image631.jpg,1,315.5,29.97,9455.535,연,
20201031_DWG_SN_4_test_image632.jpg,1,316,29.97,9470.52,연,
20201031_DWG_SN_4_test_image633.jpg,1,316.5,29.97,9485.505,연,
20201031_DWG_SN_4_test_image634.jpg,1,317,29.97,9500.49,연,
20201031_DWG_SN_4_test_image635.jpg,1,317.5,29.97,9515.475,연,
20201031_DWG_SN_4_test_image636.jpg,1,318,29.97,9530.46,연,
20201031_DWG_SN_4_test_image637.jpg,1,318.5,29.97,9545.445,연,
20201031_DWG_SN_4_test_image638.jpg,1,319,29.97,9560.43,연,
20201031_DWG_SN_4_test_image639.jpg,1,319.5,29.97,9575.415,연,
20201031_DWG_SN_4_test_image640.jpg,1,320,29.97,9590.4,연,
20201031_DWG_SN_4_test_image641.jpg,1,320.5,29.97,9605.385,연,
20201031_DWG_SN_4_test_image642.jpg,1,321,29.97,9620.37,연,
20201031_DWG_SN_4_test_image643.jpg,1,321.5,29.97,9635.355,연,
20201031_DWG_SN_4_test_image644.jpg,1,322,29.97,9650.34,연,
20201031_DWG_SN_4_test_image645.jpg,1,322.5,29.97,9665.325,연,
20201031_DWG_SN_4_test_image646.jpg,1,323,29.97,9680.31,연,
20201031_DWG_SN_4_test_image647.jpg,1,323.5,29.97,9695.295,연,
20201031_DWG_SN_4_test_image648.jpg,1,324,29.97,9710.28,연,
20201031_DWG_SN_4_test_image649.jpg,1,324.5,29.97,9725.265,연,
20201031_DWG_SN_4_test_image650.jpg,1,325,29.97,9740.25,연,
20201031_DWG_SN_4_test_image651.jpg,1,325.5,29.97,9755.235,연,
20201031_DWG_SN_4_test_image652.jpg,0,326,29.97,9770.22,,
20201031_DWG_SN_4_test_image653.jpg,0,326.5,29.97,9785.205,,
20201031_DWG_SN_4_test_image654.jpg,0,327,29.97,9800.19,,
20201031_DWG_SN_4_test_image655.jpg,0,327.5,29.97,9815.175,,
20201031_DWG_SN_4_test_image656.jpg,0,328,29.97,9830.16,,
20201031_DWG_SN_4_test_image657.jpg,0,328.5,29.97,9845.145,,
20201031_DWG_SN_4_test_image658.jpg,0,329,29.97,9860.13,,
20201031_DWG_SN_4_test_image659.jpg,0,329.5,29.97,9875.115,,
20201031_DWG_SN_4_test_image660.jpg,0,330,29.97,9890.1,,
20201031_DWG_SN_4_test_image661.jpg,0,330.5,29.97,9905.085,,
20201031_DWG_SN_4_test_image662.jpg,0,331,29.97,9920.07,,
20201031_DWG_SN_4_test_image663.jpg,0,331.5,29.97,9935.055,,
20201031_DWG_SN_4_test_image664.jpg,0,332,29.97,9950.04,,
20201031_DWG_SN_4_test_image665.jpg,0,332.5,29.97,9965.025,,
20201031_DWG_SN_4_test_image666.jpg,0,333,29.97,9980.01,,
20201031_DWG_SN_4_test_image667.jpg,0,333.5,29.97,9994.995,,
20201031_DWG_SN_4_test_image668.jpg,0,334,29.97,10009.98,,
20201031_DWG_SN_4_test_image669.jpg,0,334.5,29.97,10024.965,,
20201031_DWG_SN_4_test_image670.jpg,0,335,29.97,10039.95,,
20201031_DWG_SN_4_test_image671.jpg,0,335.5,29.97,10054.935,,
20201031_DWG_SN_4_test_image672.jpg,0,336,29.97,10069.92,,
20201031_DWG_SN_4_test_image673.jpg,0,336.5,29.97,10084.905,,
20201031_DWG_SN_4_test_image674.jpg,0,337,29.97,10099.89,,
20201031_DWG_SN_4_test_image675.jpg,0,337.5,29.97,10114.875,,
20201031_DWG_SN_4_test_image676.jpg,0,338,29.97,10129.86,,
20201031_DWG_SN_4_test_image677.jpg,0,338.5,29.97,10144.845,,
20201031_DWG_SN_4_test_image678.jpg,0,339,29.97,10159.83,,
20201031_DWG_SN_4_test_image679.jpg,0,339.5,29.97,10174.815,,
20201031_DWG_SN_4_test_image680.jpg,0,340,29.97,10189.8,,
20201031_DWG_SN_4_test_image681.jpg,0,340.5,29.97,10204.785,,
20201031_DWG_SN_4_test_image682.jpg,0,341,29.97,10219.77,,
20201031_DWG_SN_4_test_image683.jpg,0,341.5,29.97,10234.755,,
20201031_DWG_SN_4_test_image684.jpg,0,342,29.97,10249.74,,
20201031_DWG_SN_4_test_image685.jpg,0,342.5,29.97,10264.725,,
20201031_DWG_SN_4_test_image686.jpg,0,343,29.97,10279.71,,
20201031_DWG_SN_4_test_image687.jpg,0,343.5,29.97,10294.695,,
20201031_DWG_SN_4_test_image688.jpg,0,344,29.97,10309.68,,
20201031_DWG_SN_4_test_image689.jpg,0,344.5,29.97,10324.665,,
20201031_DWG_SN_4_test_image690.jpg,0,345,29.97,10339.65,,
20201031_DWG_SN_4_test_image691.jpg,0,345.5,29.97,10354.635,,
20201031_DWG_SN_4_test_image692.jpg,0,346,29.97,10369.62,,
20201031_DWG_SN_4_test_image693.jpg,0,346.5,29.97,10384.605,,
20201031_DWG_SN_4_test_image694.jpg,0,347,29.97,10399.59,,
20201031_DWG_SN_4_test_image695.jpg,0,347.5,29.97,10414.575,,
20201031_DWG_SN_4_test_image696.jpg,0,348,29.97,10429.56,,
20201031_DWG_SN_4_test_image697.jpg,0,348.5,29.97,10444.545,,
20201031_DWG_SN_4_test_image698.jpg,0,349,29.97,10459.53,,
20201031_DWG_SN_4_test_image699.jpg,0,349.5,29.97,10474.515,,
20201031_DWG_SN_4_test_image700.jpg,0,350,29.97,10489.5,,
20201031_DWG_SN_4_test_image701.jpg,0,350.5,29.97,10504.485,,
20201031_DWG_SN_4_test_image702.jpg,0,351,29.97,10519.47,,
20201031_DWG_SN_4_test_image703.jpg,0,351.5,29.97,10534.455,,
20201031_DWG_SN_4_test_image704.jpg,0,352,29.97,10549.44,,
20201031_DWG_SN_4_test_image705.jpg,0,352.5,29.97,10564.425,,
20201031_DWG_SN_4_test_image706.jpg,0,353,29.97,10579.41,,
20201031_DWG_SN_4_test_image707.jpg,0,353.5,29.97,10594.395,,
20201031_DWG_SN_4_test_image708.jpg,0,354,29.97,10609.38,,
20201031_DWG_SN_4_test_image709.jpg,0,354.5,29.97,10624.365,,
20201031_DWG_SN_4_test_image710.jpg,0,355,29.97,10639.35,,
20201031_DWG_SN_4_test_image711.jpg,0,355.5,29.97,10654.335,,
20201031_DWG_SN_4_test_image712.jpg,0,356,29.97,10669.32,,
20201031_DWG_SN_4_test_image713.jpg,0,356.5,29.97,10684.305,,
20201031_DWG_SN_4_test_image714.jpg,0,357,29.97,10699.29,,
20201031_DWG_SN_4_test_image715.jpg,0,357.5,29.97,10714.275,,
20201031_DWG_SN_4_test_image716.jpg,0,358,29.97,10729.26,,
20201031_DWG_SN_4_test_image717.jpg,0,358.5,29.97,10744.245,,
20201031_DWG_SN_4_test_image718.jpg,0,359,29.97,10759.23,,
20201031_DWG_SN_4_test_image719.jpg,0,359.5,29.97,10774.215,,
20201031_DWG_SN_4_test_image720.jpg,0,360,29.97,10789.2,,
20201031_DWG_SN_4_test_image721.jpg,0,360.5,29.97,10804.185,,
20201031_DWG_SN_4_test_image722.jpg,0,361,29.97,10819.17,,
20201031_DWG_SN_4_test_image723.jpg,0,361.5,29.97,10834.155,,
20201031_DWG_SN_4_test_image724.jpg,0,362,29.97,10849.14,,
20201031_DWG_SN_4_test_image725.jpg,0,362.5,29.97,10864.125,,
20201031_DWG_SN_4_test_image726.jpg,0,363,29.97,10879.11,,
20201031_DWG_SN_4_test_image727.jpg,0,363.5,29.97,10894.095,,
20201031_DWG_SN_4_test_image728.jpg,0,364,29.97,10909.08,,
20201031_DWG_SN_4_test_image729.jpg,0,364.5,29.97,10924.065,,
20201031_DWG_SN_4_test_image730.jpg,0,365,29.97,10939.05,,
20201031_DWG_SN_4_test_image731.jpg,0,365.5,29.97,10954.035,,
20201031_DWG_SN_4_test_image732.jpg,0,366,29.97,10969.02,,
20201031_DWG_SN_4_test_image733.jpg,0,366.5,29.97,10984.005,,
20201031_DWG_SN_4_test_image734.jpg,0,367,29.97,10998.99,,
20201031_DWG_SN_4_test_image735.jpg,0,367.5,29.97,11013.975,,
20201031_DWG_SN_4_test_image736.jpg,0,368,29.97,11028.96,,
20201031_DWG_SN_4_test_image737.jpg,0,368.5,29.97,11043.945,,
20201031_DWG_SN_4_test_image738.jpg,0,369,29.97,11058.93,,
20201031_DWG_SN_4_test_image739.jpg,0,369.5,29.97,11073.915,,
20201031_DWG_SN_4_test_image740.jpg,0,370,29.97,11088.9,,
20201031_DWG_SN_4_test_image741.jpg,0,370.5,29.97,11103.885,,
20201031_DWG_SN_4_test_image742.jpg,0,371,29.97,11118.87,,
20201031_DWG_SN_4_test_image743.jpg,0,371.5,29.97,11133.855,,
20201031_DWG_SN_4_test_image744.jpg,0,372,29.97,11148.84,,
20201031_DWG_SN_4_test_image745.jpg,0,372.5,29.97,11163.825,,
20201031_DWG_SN_4_test_image746.jpg,0,373,29.97,11178.81,,
20201031_DWG_SN_4_test_image747.jpg,0,373.5,29.97,11193.795,,
20201031_DWG_SN_4_test_image748.jpg,0,374,29.97,11208.78,,
20201031_DWG_SN_4_test_image749.jpg,0,374.5,29.97,11223.765,,
20201031_DWG_SN_4_test_image750.jpg,0,375,29.97,11238.75,,
20201031_DWG_SN_4_test_image751.jpg,0,375.5,29.97,11253.735,,
20201031_DWG_SN_4_test_image752.jpg,0,376,29.97,11268.72,,
20201031_DWG_SN_4_test_image753.jpg,0,376.5,29.97,11283.705,,
20201031_DWG_SN_4_test_image754.jpg,0,377,29.97,11298.69,,
20201031_DWG_SN_4_test_image755.jpg,0,377.5,29.97,11313.675,,
20201031_DWG_SN_4_test_image756.jpg,0,378,29.97,11328.66,,
20201031_DWG_SN_4_test_image757.jpg,0,378.5,29.97,11343.645,,
20201031_DWG_SN_4_test_image758.jpg,0,379,29.97,11358.63,,
20201031_DWG_SN_4_test_image759.jpg,0,379.5,29.97,11373.615,,
20201031_DWG_SN_4_test_image760.jpg,0,380,29.97,11388.6,,
20201031_DWG_SN_4_test_image761.jpg,0,380.5,29.97,11403.585,,
20201031_DWG_SN_4_test_image762.jpg,0,381,29.97,11418.57,,
20201031_DWG_SN_4_test_image763.jpg,0,381.5,29.97,11433.555,,
20201031_DWG_SN_4_test_image764.jpg,0,382,29.97,11448.54,,
20201031_DWG_SN_4_test_image765.jpg,0,382.5,29.97,11463.525,,
20201031_DWG_SN_4_test_image766.jpg,0,383,29.97,11478.51,,
20201031_DWG_SN_4_test_image767.jpg,0,383.5,29.97,11493.495,,
20201031_DWG_SN_4_test_image768.jpg,0,384,29.97,11508.48,,
20201031_DWG_SN_4_test_image769.jpg,0,384.5,29.97,11523.465,,
20201031_DWG_SN_4_test_image770.jpg,0,385,29.97,11538.45,,
20201031_DWG_SN_4_test_image771.jpg,0,385.5,29.97,11553.435,,
20201031_DWG_SN_4_test_image772.jpg,0,386,29.97,11568.42,,
20201031_DWG_SN_4_test_image773.jpg,0,386.5,29.97,11583.405,,
20201031_DWG_SN_4_test_image774.jpg,0,387,29.97,11598.39,,
20201031_DWG_SN_4_test_image775.jpg,0,387.5,29.97,11613.375,,
20201031_DWG_SN_4_test_image776.jpg,0,388,29.97,11628.36,,
20201031_DWG_SN_4_test_image777.jpg,0,388.5,29.97,11643.345,,
20201031_DWG_SN_4_test_image778.jpg,0,389,29.97,11658.33,,
20201031_DWG_SN_4_test_image779.jpg,0,389.5,29.97,11673.315,,
20201031_DWG_SN_4_test_image780.jpg,0,390,29.97,11688.3,,
20201031_DWG_SN_4_test_image781.jpg,0,390.5,29.97,11703.285,,
20201031_DWG_SN_4_test_image782.jpg,0,391,29.97,11718.27,,
20201031_DWG_SN_4_test_image783.jpg,0,391.5,29.97,11733.255,,
20201031_DWG_SN_4_test_image784.jpg,0,392,29.97,11748.24,,
20201031_DWG_SN_4_test_image785.jpg,0,392.5,29.97,11763.225,,
20201031_DWG_SN_4_test_image786.jpg,0,393,29.97,11778.21,,
20201031_DWG_SN_4_test_image787.jpg,0,393.5,29.97,11793.195,,
20201031_DWG_SN_4_test_image788.jpg,0,394,29.97,11808.18,,
20201031_DWG_SN_4_test_image789.jpg,0,394.5,29.97,11823.165,,
20201031_DWG_SN_4_test_image790.jpg,0,395,29.97,11838.15,,
20201031_DWG_SN_4_test_image791.jpg,0,395.5,29.97,11853.135,,
20201031_DWG_SN_4_test_image792.jpg,0,396,29.97,11868.12,,
20201031_DWG_SN_4_test_image793.jpg,0,396.5,29.97,11883.105,,
20201031_DWG_SN_4_test_image794.jpg,0,397,29.97,11898.09,,
20201031_DWG_SN_4_test_image795.jpg,0,397.5,29.97,11913.075,,
20201031_DWG_SN_4_test_image796.jpg,0,398,29.97,11928.06,,
20201031_DWG_SN_4_test_image797.jpg,0,398.5,29.97,11943.045,,
20201031_DWG_SN_4_test_image798.jpg,0,399,29.97,11958.03,,
20201031_DWG_SN_4_test_image799.jpg,0,399.5,29.97,11973.015,,
20201031_DWG_SN_4_test_image800.jpg,0,400,29.97,11988,,
20201031_DWG_SN_4_test_image801.jpg,0,400.5,29.97,12002.985,,
20201031_DWG_SN_4_test_image802.jpg,0,401,29.97,12017.97,,
20201031_DWG_SN_4_test_image803.jpg,0,401.5,29.97,12032.955,,
20201031_DWG_SN_4_test_image804.jpg,0,402,29.97,12047.94,,
20201031_DWG_SN_4_test_image805.jpg,0,402.5,29.97,12062.925,,
20201031_DWG_SN_4_test_image806.jpg,0,403,29.97,12077.91,,
20201031_DWG_SN_4_test_image807.jpg,0,403.5,29.97,12092.895,,
20201031_DWG_SN_4_test_image808.jpg,0,404,29.97,12107.88,,
20201031_DWG_SN_4_test_image809.jpg,0,404.5,29.97,12122.865,,
20201031_DWG_SN_4_test_image810.jpg,0,405,29.97,12137.85,,
20201031_DWG_SN_4_test_image811.jpg,0,405.5,29.97,12152.835,,
20201031_DWG_SN_4_test_image812.jpg,0,406,29.97,12167.82,,
20201031_DWG_SN_4_test_image813.jpg,0,406.5,29.97,12182.805,,
20201031_DWG_SN_4_test_image814.jpg,0,407,29.97,12197.79,,
20201031_DWG_SN_4_test_image815.jpg,0,407.5,29.97,12212.775,,
20201031_DWG_SN_4_test_image816.jpg,0,408,29.97,12227.76,,
20201031_DWG_SN_4_test_image817.jpg,0,408.5,29.97,12242.745,,
20201031_DWG_SN_4_test_image818.jpg,0,409,29.97,12257.73,,
20201031_DWG_SN_4_test_image819.jpg,0,409.5,29.97,12272.715,,
20201031_DWG_SN_4_test_image820.jpg,0,410,29.97,12287.7,,
20201031_DWG_SN_4_test_image821.jpg,0,410.5,29.97,12302.685,,
20201031_DWG_SN_4_test_image822.jpg,0,411,29.97,12317.67,,
20201031_DWG_SN_4_test_image823.jpg,0,411.5,29.97,12332.655,,
20201031_DWG_SN_4_test_image824.jpg,0,412,29.97,12347.64,,
20201031_DWG_SN_4_test_image825.jpg,0,412.5,29.97,12362.625,,
20201031_DWG_SN_4_test_image826.jpg,0,413,29.97,12377.61,,
20201031_DWG_SN_4_test_image827.jpg,0,413.5,29.97,12392.595,,
20201031_DWG_SN_4_test_image828.jpg,0,414,29.97,12407.58,,
20201031_DWG_SN_4_test_image829.jpg,0,414.5,29.97,12422.565,,
20201031_DWG_SN_4_test_image830.jpg,0,415,29.97,12437.55,,
20201031_DWG_SN_4_test_image831.jpg,0,415.5,29.97,12452.535,,
20201031_DWG_SN_4_test_image832.jpg,0,416,29.97,12467.52,,
20201031_DWG_SN_4_test_image833.jpg,0,416.5,29.97,12482.505,,
20201031_DWG_SN_4_test_image834.jpg,0,417,29.97,12497.49,,
20201031_DWG_SN_4_test_image835.jpg,0,417.5,29.97,12512.475,,
20201031_DWG_SN_4_test_image836.jpg,0,418,29.97,12527.46,,
20201031_DWG_SN_4_test_image837.jpg,0,418.5,29.97,12542.445,,
20201031_DWG_SN_4_test_image838.jpg,0,419,29.97,12557.43,,
20201031_DWG_SN_4_test_image839.jpg,0,419.5,29.97,12572.415,,
20201031_DWG_SN_4_test_image840.jpg,0,420,29.97,12587.4,,
20201031_DWG_SN_4_test_image841.jpg,0,420.5,29.97,12602.385,,
20201031_DWG_SN_4_test_image842.jpg,0,421,29.97,12617.37,,
20201031_DWG_SN_4_test_image843.jpg,0,421.5,29.97,12632.355,,
20201031_DWG_SN_4_test_image844.jpg,0,422,29.97,12647.34,,
20201031_DWG_SN_4_test_image845.jpg,0,422.5,29.97,12662.325,,
20201031_DWG_SN_4_test_image846.jpg,0,423,29.97,12677.31,,
20201031_DWG_SN_4_test_image847.jpg,0,423.5,29.97,12692.295,,
20201031_DWG_SN_4_test_image848.jpg,0,424,29.97,12707.28,,
20201031_DWG_SN_4_test_image849.jpg,0,424.5,29.97,12722.265,,
20201031_DWG_SN_4_test_image850.jpg,0,425,29.97,12737.25,,
20201031_DWG_SN_4_test_image851.jpg,0,425.5,29.97,12752.235,,
20201031_DWG_SN_4_test_image852.jpg,0,426,29.97,12767.22,,
20201031_DWG_SN_4_test_image853.jpg,0,426.5,29.97,12782.205,,
20201031_DWG_SN_4_test_image854.jpg,0,427,29.97,12797.19,,
20201031_DWG_SN_4_test_image855.jpg,0,427.5,29.97,12812.175,,
20201031_DWG_SN_4_test_image856.jpg,0,428,29.97,12827.16,,
20201031_DWG_SN_4_test_image857.jpg,0,428.5,29.97,12842.145,,
20201031_DWG_SN_4_test_image858.jpg,0,429,29.97,12857.13,,
20201031_DWG_SN_4_test_image859.jpg,0,429.5,29.97,12872.115,,
20201031_DWG_SN_4_test_image860.jpg,0,430,29.97,12887.1,,
20201031_DWG_SN_4_test_image861.jpg,0,430.5,29.97,12902.085,,
20201031_DWG_SN_4_test_image862.jpg,0,431,29.97,12917.07,,
20201031_DWG_SN_4_test_image863.jpg,0,431.5,29.97,12932.055,,
20201031_DWG_SN_4_test_image864.jpg,0,432,29.97,12947.04,,
20201031_DWG_SN_4_test_image865.jpg,0,432.5,29.97,12962.025,,
20201031_DWG_SN_4_test_image866.jpg,0,433,29.97,12977.01,,
20201031_DWG_SN_4_test_image867.jpg,0,433.5,29.97,12991.995,,
20201031_DWG_SN_4_test_image868.jpg,0,434,29.97,13006.98,,
20201031_DWG_SN_4_test_image869.jpg,0,434.5,29.97,13021.965,,
20201031_DWG_SN_4_test_image870.jpg,0,435,29.97,13036.95,,
20201031_DWG_SN_4_test_image871.jpg,0,435.5,29.97,13051.935,,
20201031_DWG_SN_4_test_image872.jpg,0,436,29.97,13066.92,,
20201031_DWG_SN_4_test_image873.jpg,0,436.5,29.97,13081.905,,
20201031_DWG_SN_4_test_image874.jpg,0,437,29.97,13096.89,,
20201031_DWG_SN_4_test_image875.jpg,0,437.5,29.97,13111.875,,
20201031_DWG_SN_4_test_image876.jpg,0,438,29.97,13126.86,,
20201031_DWG_SN_4_test_image877.jpg,0,438.5,29.97,13141.845,,
20201031_DWG_SN_4_test_image878.jpg,0,439,29.97,13156.83,,
20201031_DWG_SN_4_test_image879.jpg,0,439.5,29.97,13171.815,,
20201031_DWG_SN_4_test_image880.jpg,0,440,29.97,13186.8,,
20201031_DWG_SN_4_test_image881.jpg,0,440.5,29.97,13201.785,,
20201031_DWG_SN_4_test_image882.jpg,0,441,29.97,13216.77,,
20201031_DWG_SN_4_test_image883.jpg,0,441.5,29.97,13231.755,,
20201031_DWG_SN_4_test_image884.jpg,0,442,29.97,13246.74,,
20201031_DWG_SN_4_test_image885.jpg,0,442.5,29.97,13261.725,,
20201031_DWG_SN_4_test_image886.jpg,0,443,29.97,13276.71,,
20201031_DWG_SN_4_test_image887.jpg,0,443.5,29.97,13291.695,,
20201031_DWG_SN_4_test_image888.jpg,0,444,29.97,13306.68,,
20201031_DWG_SN_4_test_image889.jpg,0,444.5,29.97,13321.665,,
20201031_DWG_SN_4_test_image890.jpg,0,445,29.97,13336.65,,
20201031_DWG_SN_4_test_image891.jpg,0,445.5,29.97,13351.635,,
20201031_DWG_SN_4_test_image892.jpg,0,446,29.97,13366.62,,
20201031_DWG_SN_4_test_image893.jpg,0,446.5,29.97,13381.605,,
20201031_DWG_SN_4_test_image894.jpg,0,447,29.97,13396.59,,
20201031_DWG_SN_4_test_image895.jpg,0,447.5,29.97,13411.575,,
20201031_DWG_SN_4_test_image896.jpg,0,448,29.97,13426.56,,
20201031_DWG_SN_4_test_image897.jpg,0,448.5,29.97,13441.545,,
20201031_DWG_SN_4_test_image898.jpg,0,449,29.97,13456.53,,
20201031_DWG_SN_4_test_image899.jpg,0,449.5,29.97,13471.515,,
20201031_DWG_SN_4_test_image900.jpg,0,450,29.97,13486.5,,
20201031_DWG_SN_4_test_image901.jpg,0,450.5,29.97,13501.485,,
20201031_DWG_SN_4_test_image902.jpg,0,451,29.97,13516.47,,
20201031_DWG_SN_4_test_image903.jpg,0,451.5,29.97,13531.455,,
20201031_DWG_SN_4_test_image904.jpg,0,452,29.97,13546.44,,
20201031_DWG_SN_4_test_image905.jpg,0,452.5,29.97,13561.425,,
20201031_DWG_SN_4_test_image906.jpg,0,453,29.97,13576.41,,
20201031_DWG_SN_4_test_image907.jpg,0,453.5,29.97,13591.395,,
20201031_DWG_SN_4_test_image908.jpg,0,454,29.97,13606.38,,
20201031_DWG_SN_4_test_image909.jpg,0,454.5,29.97,13621.365,,
20201031_DWG_SN_4_test_image910.jpg,0,455,29.97,13636.35,,
20201031_DWG_SN_4_test_image911.jpg,0,455.5,29.97,13651.335,,
20201031_DWG_SN_4_test_image912.jpg,0,456,29.97,13666.32,,
20201031_DWG_SN_4_test_image913.jpg,0,456.5,29.97,13681.305,,
20201031_DWG_SN_4_test_image914.jpg,0,457,29.97,13696.29,,
20201031_DWG_SN_4_test_image915.jpg,0,457.5,29.97,13711.275,,
20201031_DWG_SN_4_test_image916.jpg,0,458,29.97,13726.26,,
20201031_DWG_SN_4_test_image917.jpg,0,458.5,29.97,13741.245,,
20201031_DWG_SN_4_test_image918.jpg,0,459,29.97,13756.23,,
20201031_DWG_SN_4_test_image919.jpg,0,459.5,29.97,13771.215,,
20201031_DWG_SN_4_test_image920.jpg,0,460,29.97,13786.2,,
20201031_DWG_SN_4_test_image921.jpg,0,460.5,29.97,13801.185,,
20201031_DWG_SN_4_test_image922.jpg,0,461,29.97,13816.17,,
20201031_DWG_SN_4_test_image923.jpg,0,461.5,29.97,13831.155,,
20201031_DWG_SN_4_test_image924.jpg,0,462,29.97,13846.14,,
20201031_DWG_SN_4_test_image925.jpg,0,462.5,29.97,13861.125,,
20201031_DWG_SN_4_test_image926.jpg,0,463,29.97,13876.11,,
20201031_DWG_SN_4_test_image927.jpg,0,463.5,29.97,13891.095,,
20201031_DWG_SN_4_test_image928.jpg,0,464,29.97,13906.08,,
20201031_DWG_SN_4_test_image929.jpg,0,464.5,29.97,13921.065,,
20201031_DWG_SN_4_test_image930.jpg,0,465,29.97,13936.05,,
20201031_DWG_SN_4_test_image931.jpg,0,465.5,29.97,13951.035,,
20201031_DWG_SN_4_test_image932.jpg,0,466,29.97,13966.02,,
20201031_DWG_SN_4_test_image933.jpg,0,466.5,29.97,13981.005,,
20201031_DWG_SN_4_test_image934.jpg,0,467,29.97,13995.99,,
20201031_DWG_SN_4_test_image935.jpg,0,467.5,29.97,14010.975,,
20201031_DWG_SN_4_test_image936.jpg,0,468,29.97,14025.96,,
20201031_DWG_SN_4_test_image937.jpg,0,468.5,29.97,14040.945,,
20201031_DWG_SN_4_test_image938.jpg,0,469,29.97,14055.93,,
20201031_DWG_SN_4_test_image939.jpg,0,469.5,29.97,14070.915,,
20201031_DWG_SN_4_test_image940.jpg,0,470,29.97,14085.9,,
20201031_DWG_SN_4_test_image941.jpg,0,470.5,29.97,14100.885,,
20201031_DWG_SN_4_test_image942.jpg,0,471,29.97,14115.87,,
20201031_DWG_SN_4_test_image943.jpg,0,471.5,29.97,14130.855,,
20201031_DWG_SN_4_test_image944.jpg,0,472,29.97,14145.84,,
20201031_DWG_SN_4_test_image945.jpg,0,472.5,29.97,14160.825,,
20201031_DWG_SN_4_test_image946.jpg,0,473,29.97,14175.81,,
20201031_DWG_SN_4_test_image947.jpg,0,473.5,29.97,14190.795,,
20201031_DWG_SN_4_test_image948.jpg,0,474,29.97,14205.78,,
20201031_DWG_SN_4_test_image949.jpg,0,474.5,29.97,14220.765,,
20201031_DWG_SN_4_test_image950.jpg,0,475,29.97,14235.75,,
20201031_DWG_SN_4_test_image951.jpg,0,475.5,29.97,14250.735,,
